{
    "train": {
        "accuracy": 1.0,
        "precision": 1.0,
        "recall": 1.0,
        "f1": 1.0,
        "report": {
            "0": {
                "precision": 1.0,
                "recall": 1.0,
                "f1-score": 1.0,
                "support": 1157.0
            },
            "1": {
                "precision": 1.0,
                "recall": 1.0,
                "f1-score": 1.0,
                "support": 188.0
            },
            "2": {
                "precision": 1.0,
                "recall": 1.0,
                "f1-score": 1.0,
                "support": 162.0
            },
            "3": {
                "precision": 1.0,
                "recall": 1.0,
                "f1-score": 1.0,
                "support": 371.0
            },
            "accuracy": 1.0,
            "macro avg": {
                "precision": 1.0,
                "recall": 1.0,
                "f1-score": 1.0,
                "support": 1878.0
            },
            "weighted avg": {
                "precision": 1.0,
                "recall": 1.0,
                "f1-score": 1.0,
                "support": 1878.0
            }
        },
        "confusion_matrix": [
            [
                1157,
                0,
                0,
                0
            ],
            [
                0,
                188,
                0,
                0
            ],
            [
                0,
                0,
                162,
                0
            ],
            [
                0,
                0,
                0,
                371
            ]
        ]
    },
    "val": {
        "accuracy": 0.9893617021276596,
        "precision": 0.9893617021276596,
        "recall": 0.9893617021276596,
        "f1": 0.9893617021276596,
        "report": {
            "0": {
                "precision": 0.9913793103448276,
                "recall": 0.9913793103448276,
                "f1-score": 0.9913793103448276,
                "support": 232.0
            },
            "1": {
                "precision": 1.0,
                "recall": 1.0,
                "f1-score": 1.0,
                "support": 38.0
            },
            "2": {
                "precision": 0.9375,
                "recall": 0.9375,
                "f1-score": 0.9375,
                "support": 32.0
            },
            "3": {
                "precision": 1.0,
                "recall": 1.0,
                "f1-score": 1.0,
                "support": 74.0
            },
            "accuracy": 0.9893617021276596,
            "macro avg": {
                "precision": 0.9822198275862069,
                "recall": 0.9822198275862069,
                "f1-score": 0.9822198275862069,
                "support": 376.0
            },
            "weighted avg": {
                "precision": 0.9893617021276596,
                "recall": 0.9893617021276596,
                "f1-score": 0.9893617021276596,
                "support": 376.0
            }
        },
        "confusion_matrix": [
            [
                230,
                0,
                2,
                0
            ],
            [
                0,
                38,
                0,
                0
            ],
            [
                2,
                0,
                30,
                0
            ],
            [
                0,
                0,
                0,
                74
            ]
        ]
    },
    "test": {
        "accuracy": 0.9880478087649402,
        "precision": 0.988272106668088,
        "recall": 0.9880478087649402,
        "f1": 0.9879452892253779,
        "report": {
            "0": {
                "precision": 0.9871794871794872,
                "recall": 0.9935483870967742,
                "f1-score": 0.9903536977491961,
                "support": 155.0
            },
            "1": {
                "precision": 1.0,
                "recall": 0.92,
                "f1-score": 0.9583333333333334,
                "support": 25.0
            },
            "2": {
                "precision": 0.9565217391304348,
                "recall": 1.0,
                "f1-score": 0.9777777777777777,
                "support": 22.0
            },
            "3": {
                "precision": 1.0,
                "recall": 1.0,
                "f1-score": 1.0,
                "support": 49.0
            },
            "accuracy": 0.9880478087649402,
            "macro avg": {
                "precision": 0.9859253065774805,
                "recall": 0.9783870967741936,
                "f1-score": 0.9816162022150768,
                "support": 251.0
            },
            "weighted avg": {
                "precision": 0.988272106668088,
                "recall": 0.9880478087649402,
                "f1-score": 0.9879452892253779,
                "support": 251.0
            }
        },
        "confusion_matrix": [
            [
                154,
                0,
                1,
                0
            ],
            [
                2,
                23,
                0,
                0
            ],
            [
                0,
                0,
                22,
                0
            ],
            [
                0,
                0,
                0,
                49
            ]
        ]
    }
}