{
    "backbone": "dinov2",
    "device": "cuda",
    "timestamp": "20251007_100724",
    "profiling": {
        "training_time_sec": 4396.98,
        "training_time_min": 73.28,
        "memory_used_MB": -311.02,
        "model_size_MB": 331.86,
        "avg_inference_time_sec": 0.01122,
        "avg_inference_fps": 89.09,
        "current_ram_MB": 1016.19,
        "gpu_memory_MB": 1566.69
    },
    "results": {
        "train": {
            "accuracy": 0.9914802981895634,
            "precision": 0.9915636300933265,
            "recall": 0.9914802981895634,
            "f1": 0.9914668445679288,
            "report": {
                "0": {
                    "precision": 0.9922346850733391,
                    "recall": 0.9939498703543648,
                    "f1-score": 0.9930915371329879,
                    "support": 1157.0
                },
                "1": {
                    "precision": 0.994475138121547,
                    "recall": 0.9574468085106383,
                    "f1-score": 0.975609756097561,
                    "support": 188.0
                },
                "2": {
                    "precision": 0.9640718562874252,
                    "recall": 0.9938271604938271,
                    "f1-score": 0.9787234042553191,
                    "support": 162.0
                },
                "3": {
                    "precision": 1.0,
                    "recall": 1.0,
                    "f1-score": 1.0,
                    "support": 371.0
                },
                "accuracy": 0.9914802981895634,
                "macro avg": {
                    "precision": 0.9876954198705779,
                    "recall": 0.9863059598397076,
                    "f1-score": 0.986856174371467,
                    "support": 1878.0
                },
                "weighted avg": {
                    "precision": 0.9915636300933265,
                    "recall": 0.9914802981895634,
                    "f1-score": 0.9914668445679288,
                    "support": 1878.0
                }
            },
            "confusion_matrix": [
                [
                    1150,
                    1,
                    6,
                    0
                ],
                [
                    8,
                    180,
                    0,
                    0
                ],
                [
                    1,
                    0,
                    161,
                    0
                ],
                [
                    0,
                    0,
                    0,
                    371
                ]
            ]
        },
        "val": {
            "accuracy": 0.9813829787234043,
            "precision": 0.981974221023032,
            "recall": 0.9813829787234043,
            "f1": 0.9815869229494522,
            "report": {
                "0": {
                    "precision": 0.987012987012987,
                    "recall": 0.9827586206896551,
                    "f1-score": 0.9848812095032398,
                    "support": 232.0
                },
                "1": {
                    "precision": 1.0,
                    "recall": 0.9736842105263158,
                    "f1-score": 0.9866666666666667,
                    "support": 38.0
                },
                "2": {
                    "precision": 0.8823529411764706,
                    "recall": 0.9375,
                    "f1-score": 0.9090909090909091,
                    "support": 32.0
                },
                "3": {
                    "precision": 1.0,
                    "recall": 1.0,
                    "f1-score": 1.0,
                    "support": 74.0
                },
                "accuracy": 0.9813829787234043,
                "macro avg": {
                    "precision": 0.9673414820473644,
                    "recall": 0.9734857078039927,
                    "f1-score": 0.9701596963152039,
                    "support": 376.0
                },
                "weighted avg": {
                    "precision": 0.981974221023032,
                    "recall": 0.9813829787234043,
                    "f1-score": 0.9815869229494522,
                    "support": 376.0
                }
            },
            "confusion_matrix": [
                [
                    228,
                    0,
                    4,
                    0
                ],
                [
                    1,
                    37,
                    0,
                    0
                ],
                [
                    2,
                    0,
                    30,
                    0
                ],
                [
                    0,
                    0,
                    0,
                    74
                ]
            ]
        },
        "test": {
            "accuracy": 0.9840637450199203,
            "precision": 0.9844101853455742,
            "recall": 0.9840637450199203,
            "f1": 0.9841558934330704,
            "report": {
                "0": {
                    "precision": 0.9870967741935484,
                    "recall": 0.9870967741935484,
                    "f1-score": 0.9870967741935484,
                    "support": 155.0
                },
                "1": {
                    "precision": 1.0,
                    "recall": 0.96,
                    "f1-score": 0.9795918367346939,
                    "support": 25.0
                },
                "2": {
                    "precision": 0.9130434782608695,
                    "recall": 0.9545454545454546,
                    "f1-score": 0.9333333333333333,
                    "support": 22.0
                },
                "3": {
                    "precision": 1.0,
                    "recall": 1.0,
                    "f1-score": 1.0,
                    "support": 49.0
                },
                "accuracy": 0.9840637450199203,
                "macro avg": {
                    "precision": 0.9750350631136044,
                    "recall": 0.9754105571847507,
                    "f1-score": 0.9750054860653938,
                    "support": 251.0
                },
                "weighted avg": {
                    "precision": 0.9844101853455742,
                    "recall": 0.9840637450199203,
                    "f1-score": 0.9841558934330704,
                    "support": 251.0
                }
            },
            "confusion_matrix": [
                [
                    153,
                    0,
                    2,
                    0
                ],
                [
                    1,
                    24,
                    0,
                    0
                ],
                [
                    1,
                    0,
                    21,
                    0
                ],
                [
                    0,
                    0,
                    0,
                    49
                ]
            ]
        }
    }
}