{
    "backbone": "resnet50",
    "device": "cuda",
    "timestamp": "20251007_092009",
    "profiling": {
        "training_time_sec": 440.04,
        "training_time_min": 7.33,
        "memory_used_MB": 465.73,
        "model_size_MB": 94.0,
        "avg_inference_time_sec": 0.00713,
        "avg_inference_fps": 140.26,
        "current_ram_MB": 1127.37,
        "gpu_memory_MB": 287.45
    },
    "results": {
        "train": {
            "accuracy": 0.9946751863684771,
            "precision": 0.9948812846639069,
            "recall": 0.9946751863684771,
            "f1": 0.9947192725362588,
            "report": {
                "0": {
                    "precision": 1.0,
                    "recall": 0.9922212618841832,
                    "f1-score": 0.9960954446854664,
                    "support": 1157.0
                },
                "1": {
                    "precision": 0.9894179894179894,
                    "recall": 0.9946808510638298,
                    "f1-score": 0.9920424403183024,
                    "support": 188.0
                },
                "2": {
                    "precision": 0.9529411764705882,
                    "recall": 1.0,
                    "f1-score": 0.9759036144578314,
                    "support": 162.0
                },
                "3": {
                    "precision": 1.0,
                    "recall": 1.0,
                    "f1-score": 1.0,
                    "support": 371.0
                },
                "accuracy": 0.9946751863684771,
                "macro avg": {
                    "precision": 0.9855897914721443,
                    "recall": 0.9967255282370032,
                    "f1-score": 0.9910103748654,
                    "support": 1878.0
                },
                "weighted avg": {
                    "precision": 0.9948812846639069,
                    "recall": 0.9946751863684771,
                    "f1-score": 0.9947192725362588,
                    "support": 1878.0
                }
            },
            "confusion_matrix": [
                [
                    1148,
                    2,
                    7,
                    0
                ],
                [
                    0,
                    187,
                    1,
                    0
                ],
                [
                    0,
                    0,
                    162,
                    0
                ],
                [
                    0,
                    0,
                    0,
                    371
                ]
            ]
        },
        "val": {
            "accuracy": 0.9840425531914894,
            "precision": 0.9858395629672225,
            "recall": 0.9840425531914894,
            "f1": 0.9844519316617591,
            "report": {
                "0": {
                    "precision": 1.0,
                    "recall": 0.978448275862069,
                    "f1-score": 0.9891067538126361,
                    "support": 232.0
                },
                "1": {
                    "precision": 0.9736842105263158,
                    "recall": 0.9736842105263158,
                    "f1-score": 0.9736842105263158,
                    "support": 38.0
                },
                "2": {
                    "precision": 0.8648648648648649,
                    "recall": 1.0,
                    "f1-score": 0.927536231884058,
                    "support": 32.0
                },
                "3": {
                    "precision": 1.0,
                    "recall": 1.0,
                    "f1-score": 1.0,
                    "support": 74.0
                },
                "accuracy": 0.9840425531914894,
                "macro avg": {
                    "precision": 0.9596372688477952,
                    "recall": 0.9880331215970962,
                    "f1-score": 0.9725817990557525,
                    "support": 376.0
                },
                "weighted avg": {
                    "precision": 0.9858395629672225,
                    "recall": 0.9840425531914894,
                    "f1-score": 0.9844519316617591,
                    "support": 376.0
                }
            },
            "confusion_matrix": [
                [
                    227,
                    1,
                    4,
                    0
                ],
                [
                    0,
                    37,
                    1,
                    0
                ],
                [
                    0,
                    0,
                    32,
                    0
                ],
                [
                    0,
                    0,
                    0,
                    74
                ]
            ]
        },
        "test": {
            "accuracy": 0.9960159362549801,
            "precision": 0.996189156417807,
            "recall": 0.9960159362549801,
            "f1": 0.9960537569248358,
            "report": {
                "0": {
                    "precision": 1.0,
                    "recall": 0.9935483870967742,
                    "f1-score": 0.9967637540453075,
                    "support": 155.0
                },
                "1": {
                    "precision": 1.0,
                    "recall": 1.0,
                    "f1-score": 1.0,
                    "support": 25.0
                },
                "2": {
                    "precision": 0.9565217391304348,
                    "recall": 1.0,
                    "f1-score": 0.9777777777777777,
                    "support": 22.0
                },
                "3": {
                    "precision": 1.0,
                    "recall": 1.0,
                    "f1-score": 1.0,
                    "support": 49.0
                },
                "accuracy": 0.9960159362549801,
                "macro avg": {
                    "precision": 0.9891304347826086,
                    "recall": 0.9983870967741936,
                    "f1-score": 0.9936353829557714,
                    "support": 251.0
                },
                "weighted avg": {
                    "precision": 0.996189156417807,
                    "recall": 0.9960159362549801,
                    "f1-score": 0.9960537569248358,
                    "support": 251.0
                }
            },
            "confusion_matrix": [
                [
                    154,
                    0,
                    1,
                    0
                ],
                [
                    0,
                    25,
                    0,
                    0
                ],
                [
                    0,
                    0,
                    22,
                    0
                ],
                [
                    0,
                    0,
                    0,
                    49
                ]
            ]
        }
    }
}