{
    "train": {
        "accuracy": 0.6006389776357828,
        "precision": 0.73149964833921,
        "recall": 0.6006389776357828,
        "f1": 0.6239671362320323,
        "report": {
            "0": {
                "precision": 1.0,
                "recall": 0.7433016421780466,
                "f1-score": 0.8527516113039167,
                "support": 1157.0
            },
            "1": {
                "precision": 1.0,
                "recall": 0.5691489361702128,
                "f1-score": 0.7254237288135593,
                "support": 188.0
            },
            "2": {
                "precision": 0.17750826901874311,
                "recall": 0.9938271604938271,
                "f1-score": 0.30121608980355474,
                "support": 162.0
            },
            "3": {
                "precision": 0.0,
                "recall": 0.0,
                "f1-score": 0.0,
                "support": 371.0
            },
            "accuracy": 0.6006389776357828,
            "macro avg": {
                "precision": 0.5443770672546858,
                "recall": 0.5765694347105217,
                "f1-score": 0.4698478574802577,
                "support": 1878.0
            },
            "weighted avg": {
                "precision": 0.73149964833921,
                "recall": 0.6006389776357828,
                "f1-score": 0.6239671362320323,
                "support": 1878.0
            }
        },
        "confusion_matrix": [
            [
                860,
                0,
                297,
                0
            ],
            [
                0,
                107,
                78,
                3
            ],
            [
                0,
                0,
                161,
                1
            ],
            [
                0,
                0,
                371,
                0
            ]
        ]
    },
    "val": {
        "accuracy": 0.574468085106383,
        "precision": 0.732343767405592,
        "recall": 0.574468085106383,
        "f1": 0.6059368325990258,
        "report": {
            "0": {
                "precision": 1.0,
                "recall": 0.6982758620689655,
                "f1-score": 0.8223350253807107,
                "support": 232.0
            },
            "1": {
                "precision": 1.0,
                "recall": 0.5789473684210527,
                "f1-score": 0.7333333333333333,
                "support": 38.0
            },
            "2": {
                "precision": 0.16753926701570682,
                "recall": 1.0,
                "f1-score": 0.28699551569506726,
                "support": 32.0
            },
            "3": {
                "precision": 0.0,
                "recall": 0.0,
                "f1-score": 0.0,
                "support": 74.0
            },
            "accuracy": 0.574468085106383,
            "macro avg": {
                "precision": 0.5418848167539267,
                "recall": 0.5693058076225046,
                "f1-score": 0.4606659686022778,
                "support": 376.0
            },
            "weighted avg": {
                "precision": 0.732343767405592,
                "recall": 0.574468085106383,
                "f1-score": 0.6059368325990258,
                "support": 376.0
            }
        },
        "confusion_matrix": [
            [
                162,
                0,
                70,
                0
            ],
            [
                0,
                22,
                15,
                1
            ],
            [
                0,
                0,
                32,
                0
            ],
            [
                0,
                0,
                74,
                0
            ]
        ]
    },
    "test": {
        "accuracy": 0.649402390438247,
        "precision": 0.7346613545816734,
        "recall": 0.649402390438247,
        "f1": 0.6592085763227284,
        "report": {
            "0": {
                "precision": 1.0,
                "recall": 0.7806451612903226,
                "f1-score": 0.8768115942028986,
                "support": 155.0
            },
            "1": {
                "precision": 1.0,
                "recall": 0.8,
                "f1-score": 0.8888888888888888,
                "support": 25.0
            },
            "2": {
                "precision": 0.2,
                "recall": 1.0,
                "f1-score": 0.3333333333333333,
                "support": 22.0
            },
            "3": {
                "precision": 0.0,
                "recall": 0.0,
                "f1-score": 0.0,
                "support": 49.0
            },
            "accuracy": 0.649402390438247,
            "macro avg": {
                "precision": 0.55,
                "recall": 0.6451612903225806,
                "f1-score": 0.5247584541062802,
                "support": 251.0
            },
            "weighted avg": {
                "precision": 0.7346613545816734,
                "recall": 0.649402390438247,
                "f1-score": 0.6592085763227284,
                "support": 251.0
            }
        },
        "confusion_matrix": [
            [
                121,
                0,
                34,
                0
            ],
            [
                0,
                20,
                5,
                0
            ],
            [
                0,
                0,
                22,
                0
            ],
            [
                0,
                0,
                49,
                0
            ]
        ]
    }
}
